entry_time,exit_time,entry_price,exit_price,qty_btc,notional_eur,sl_price,tp_price,pnl_eur,pnl_pct_of_account,confidence,prob_up,close_reason,bars_held,exit_month,balance_after,gross_gain_eur,gross_loss_eur
2026-01-01 00:00:00,2026-01-01 12:00:00,87675.93,87838.3,0.108354,9500.0,87183.89,88660.02,17.59,0.185,0.7111,0.7111,TIME_EXIT,12,2026-01,10017.59,17.59,0.0
2026-01-01 12:00:00,2026-01-01 17:00:00,87838.3,88276.82,0.108344,9516.71,87619.04,88276.82,47.51,0.499,0.8565,0.8565,TAKE_PROFIT,5,2026-01,10065.1,47.51,0.0
2026-01-01 17:00:00,2026-01-01 23:00:00,88187.82,88676.36,0.108426,9561.85,87943.55,88676.36,52.97,0.554,0.8005,0.8005,TAKE_PROFIT,6,2026-01,10118.07,52.97,0.0
2026-01-01 23:00:00,2026-01-02 02:00:00,88722.07,88410.25,0.10834,9612.17,88410.25,89345.71,-33.78,-0.351,0.8005,0.8005,STOP_LOSS,3,2026-01,10084.29,0.0,-33.78
2026-01-02 02:00:00,2026-01-02 09:00:00,88498.05,89227.28,0.108252,9580.08,88133.44,89227.28,78.94,0.824,0.8713,0.8713,TAKE_PROFIT,7,2026-01,10163.23,78.94,0.0
2026-01-02 09:00:00,2026-01-02 14:00:00,89344.41,88917.29,0.108066,9655.07,88917.29,90198.66,-46.16,-0.478,0.7343,0.7343,STOP_LOSS,5,2026-01,10117.07,0.0,-46.16
2026-01-02 14:00:00,2026-01-02 15:00:00,89565.34,88983.4,0.10731,9611.22,88983.4,90729.2,-62.45,-0.65,0.6727,0.6727,STOP_LOSS,1,2026-01,10054.63,0.0,-62.45
2026-01-02 15:00:00,2026-01-02 16:00:00,89319.91,90616.81,0.10694,9551.9,88671.45,90616.81,138.69,1.452,0.8236,0.8236,TAKE_PROFIT,1,2026-01,10193.32,138.69,0.0
2026-01-02 18:00:00,2026-01-03 06:00:00,89776.46,89853.41,0.107864,9683.65,88907.04,91515.31,8.3,0.086,0.799,0.799,TIME_EXIT,12,2026-01,10201.62,8.3,0.0
2026-01-03 06:00:00,2026-01-03 18:00:00,89853.41,90090.17,0.107859,9691.54,89299.18,90961.88,25.54,0.263,0.7352,0.7352,TIME_EXIT,12,2026-01,10227.16,25.54,0.0
2026-01-03 18:00:00,2026-01-04 00:00:00,90090.17,90828.46,0.107845,9715.8,89721.03,90828.46,79.62,0.82,0.7953,0.7953,TAKE_PROFIT,6,2026-01,10306.78,79.62,0.0
2026-01-04 00:00:00,2026-01-04 12:00:00,91320.9,91098.34,0.10722,9791.44,90943.81,92075.08,-23.86,-0.244,0.7321,0.7321,TIME_EXIT,12,2026-01,10282.91,0.0,-23.86
2026-01-04 12:00:00,2026-01-05 00:00:00,91098.34,92000.32,0.107233,9768.77,90647.36,92000.32,96.72,0.99,0.759,0.759,TAKE_PROFIT,12,2026-01,10379.64,96.72,0.0
2026-01-05 00:00:00,2026-01-05 12:00:00,92355.84,92803.32,0.106768,9860.65,91916.92,93233.66,47.78,0.485,0.6771,0.6771,TIME_EXIT,12,2026-01,10427.41,47.78,0.0
2026-01-05 12:00:00,2026-01-05 17:00:00,92803.32,94083.57,0.106742,9906.04,92163.2,94083.57,136.66,1.38,0.9059,0.9059,TAKE_PROFIT,5,2026-01,10564.07,136.66,0.0
2026-01-05 23:00:00,2026-01-06 04:00:00,93901.13,93817.09,0.106877,10035.87,93121.75,95459.91,-8.98,-0.089,0.7109,0.7109,SHORT_SIGNAL_SPOT_EXIT,5,2026-01,10555.09,0.0,-8.98
2026-01-06 07:00:00,2026-01-06 12:00:00,93213.9,93853.61,0.107573,10027.33,92639.23,94363.23,68.82,0.686,0.7243,0.7243,SHORT_SIGNAL_SPOT_EXIT,5,2026-01,10623.9,68.82,0.0
2026-01-06 15:00:00,2026-01-06 16:00:00,93480.54,92915.78,0.107966,10092.71,92915.78,94610.06,-60.97,-0.604,0.7082,0.7082,STOP_LOSS,1,2026-01,10562.93,0.0,-60.97
2026-01-06 17:00:00,2026-01-06 21:00:00,91550.18,93086.41,0.10961,10034.78,90782.06,93086.41,168.39,1.678,0.8717,0.8717,TAKE_PROFIT,4,2026-01,10731.32,168.39,0.0
2026-01-06 21:00:00,2026-01-07 02:00:00,93236.83,92317.95,0.109343,10194.75,92317.95,95074.59,-100.47,-0.986,0.8009,0.8009,STOP_LOSS,5,2026-01,10630.84,0.0,-100.47
2026-01-07 09:00:00,2026-01-07 18:00:00,91648.05,90813.31,0.110197,10099.3,90813.31,93317.54,-91.99,-0.911,0.7998,0.7998,STOP_LOSS,9,2026-01,10538.86,0.0,-91.99
2026-01-07 18:00:00,2026-01-08 04:00:00,90691.76,90949.74,0.110395,10011.91,89982.51,92110.25,28.48,0.284,0.7599,0.7599,SHORT_SIGNAL_SPOT_EXIT,10,2026-01,10567.34,28.48,0.0
2026-01-08 06:00:00,2026-01-08 16:00:00,89940.03,90718.9,0.111618,10038.97,89244.67,91330.75,86.94,0.866,0.759,0.759,SHORT_SIGNAL_SPOT_EXIT,10,2026-01,10654.27,86.94,0.0
2026-01-08 20:00:00,2026-01-09 04:00:00,90841.2,90939.28,0.11142,10121.56,90044.0,92435.6,10.93,0.108,0.6701,0.6701,SHORT_SIGNAL_SPOT_EXIT,8,2026-01,10665.2,10.93,0.0
2026-01-09 12:00:00,2026-01-09 15:00:00,90348.66,89797.41,0.112143,10131.94,89797.41,91451.18,-61.82,-0.61,0.8203,0.8203,SL_AND_TP_SAME_BAR_CONSERVATIVE_SL,3,2026-01,10603.38,0.0,-61.82
2026-01-09 20:00:00,2026-01-10 08:00:00,90185.78,90531.08,0.111694,10073.21,89230.33,92096.68,38.57,0.383,0.7564,0.7564,TIME_EXIT,12,2026-01,10641.95,38.57,0.0
2026-01-10 12:00:00,2026-01-10 21:00:00,90598.29,90392.44,0.11159,10109.85,90392.44,91010.0,-22.97,-0.227,0.7328,0.7328,STOP_LOSS,9,2026-01,10618.98,0.0,-22.97
2026-01-11 07:00:00,2026-01-11 14:00:00,90589.42,90906.88,0.11136,10088.03,90430.69,90906.88,35.35,0.35,0.6566,0.6566,TAKE_PROFIT,7,2026-01,10654.33,35.35,0.0
2026-01-11 14:00:00,2026-01-11 15:00:00,91043.95,90849.56,0.111173,10121.61,90849.56,91432.71,-21.61,-0.214,0.6908,0.6908,STOP_LOSS,1,2026-01,10632.72,0.0,-21.61
2026-01-11 15:00:00,2026-01-11 20:00:00,90747.76,90518.96,0.111309,10101.08,90518.96,91205.35,-25.47,-0.252,0.6908,0.6908,STOP_LOSS,5,2026-01,10607.25,0.0,-25.47
2026-01-11 20:00:00,2026-01-12 01:00:00,90538.41,91165.77,0.1113,10076.89,90224.73,91165.77,69.83,0.693,0.7872,0.7872,TAKE_PROFIT,5,2026-01,10677.08,69.83,0.0
2026-01-12 01:00:00,2026-01-12 03:00:00,91262.02,92256.18,0.111144,10143.22,90764.94,92256.18,110.49,1.089,0.8907,0.8907,TAKE_PROFIT,2,2026-01,10787.57,110.49,0.0
2026-01-12 03:00:00,2026-01-12 08:00:00,91719.34,91092.29,0.111734,10248.19,91092.29,92973.45,-70.06,-0.684,0.7899,0.7899,STOP_LOSS,5,2026-01,10717.51,0.0,-70.06
2026-01-12 10:00:00,2026-01-12 16:00:00,90278.86,91821.04,0.11278,10181.63,89507.77,91821.04,173.93,1.708,0.6773,0.6773,TAKE_PROFIT,6,2026-01,10891.44,173.93,0.0
2026-01-12 17:00:00,2026-01-12 20:00:00,91416.16,91393.2,0.113184,10346.86,90574.07,93100.33,-2.6,-0.025,0.8724,0.8724,SHORT_SIGNAL_SPOT_EXIT,3,2026-01,10888.84,0.0,-2.6
2026-01-13 00:00:00,2026-01-13 12:00:00,91386.71,91999.12,0.113194,10344.4,90594.91,92970.31,69.32,0.67,0.8486,0.8486,TIME_EXIT,12,2026-01,10958.16,69.32,0.0
2026-01-13 12:00:00,2026-01-13 15:00:00,91999.12,93045.02,0.113156,10410.25,91476.17,93045.02,118.35,1.137,0.9388,0.9388,TAKE_PROFIT,3,2026-01,11076.51,118.35,0.0
2026-01-13 15:00:00,2026-01-13 22:00:00,93283.03,94713.27,0.112804,10522.68,92567.91,94713.27,161.34,1.533,0.6672,0.6672,TAKE_PROFIT,7,2026-01,11237.84,161.34,0.0
2026-01-13 23:00:00,2026-01-14 11:00:00,95354.05,94706.01,0.111961,10675.95,94356.84,97348.46,-72.56,-0.68,0.7608,0.7608,TIME_EXIT,12,2026-01,11165.29,0.0,-72.56
2026-01-14 11:00:00,2026-01-14 14:00:00,94706.01,96234.58,0.111999,10607.02,93941.72,96234.58,171.2,1.614,0.6908,0.6908,TAKE_PROFIT,3,2026-01,11336.49,171.2,0.0
2026-01-14 23:00:00,2026-01-15 03:00:00,96932.21,95925.62,0.111105,10769.66,95925.62,98945.39,-111.84,-1.038,0.6704,0.6704,STOP_LOSS,4,2026-01,11224.65,0.0,-111.84
2026-01-15 03:00:00,2026-01-15 09:00:00,95963.02,97046.73,0.11112,10663.42,94886.9,98115.26,120.42,1.129,0.736,0.736,SHORT_SIGNAL_SPOT_EXIT,6,2026-01,11345.08,120.42,0.0
2026-01-15 14:00:00,2026-01-15 16:00:00,96019.61,96797.61,0.112246,10777.82,95275.84,97507.14,87.33,0.81,0.7944,0.7944,SHORT_SIGNAL_SPOT_EXIT,2,2026-01,11432.4,87.33,0.0
2026-01-15 20:00:00,2026-01-16 08:00:00,95143.53,95643.59,0.114152,10860.78,94254.22,96922.16,57.08,0.526,0.8354,0.8354,TIME_EXIT,12,2026-01,11489.49,57.08,0.0
2026-01-16 10:00:00,2026-01-16 15:00:00,95272.91,94821.2,0.114566,10915.01,94821.2,96176.33,-51.75,-0.474,0.6947,0.6947,STOP_LOSS,5,2026-01,11437.73,0.0,-51.75
2026-01-16 15:00:00,2026-01-17 03:00:00,94605.62,95330.21,0.114854,10865.85,94064.61,95687.65,83.22,0.766,0.887,0.887,TIME_EXIT,12,2026-01,11520.96,83.22,0.0
2026-01-21 00:00:00,2026-01-21 05:00:00,88816.97,89813.77,0.12323,10944.91,87849.42,90752.07,122.84,1.122,0.6847,0.6847,SHORT_SIGNAL_SPOT_EXIT,5,2026-01,11643.79,122.84,0.0
2026-01-21 12:00:00,2026-01-21 15:00:00,88647.78,90052.64,0.124781,11061.6,87945.35,90052.64,175.3,1.585,0.8406,0.8406,TAKE_PROFIT,3,2026-01,11819.09,175.3,0.0
2026-01-21 16:00:00,2026-01-21 19:00:00,87585.99,89682.3,0.128196,11228.14,86537.84,89682.3,268.74,2.393,0.9107,0.9107,TAKE_PROFIT,3,2026-01,12087.83,268.74,0.0
2026-01-22 16:00:00,2026-01-22 23:00:00,88906.22,89462.08,0.129163,11483.44,88367.02,89984.61,71.8,0.625,0.756,0.756,SHORT_SIGNAL_SPOT_EXIT,7,2026-01,12159.63,71.8,0.0
2026-01-23 00:00:00,2026-01-23 04:00:00,89503.74,89896.56,0.129063,11551.64,88803.28,90904.66,50.7,0.439,0.7998,0.7998,SHORT_SIGNAL_SPOT_EXIT,4,2026-01,12210.32,50.7,0.0
2026-01-23 06:00:00,2026-01-23 09:00:00,89394.35,88821.17,0.12976,11599.81,88821.17,90540.72,-74.38,-0.641,0.6598,0.6598,STOP_LOSS,3,2026-01,12135.95,0.0,-74.38
2026-01-23 09:00:00,2026-01-23 16:00:00,88848.19,89849.79,0.129762,11529.15,88347.38,89849.79,129.97,1.127,0.8114,0.8114,TAKE_PROFIT,7,2026-01,12265.92,129.97,0.0
2026-01-23 19:00:00,2026-01-24 07:00:00,89854.39,89471.31,0.129683,11652.62,88992.75,91577.67,-49.68,-0.426,0.6689,0.6689,TIME_EXIT,12,2026-01,12216.24,0.0,-49.68
2026-01-26 00:00:00,2026-01-26 12:00:00,86734.32,87709.39,0.133804,11605.43,86001.91,88199.15,130.47,1.124,0.7746,0.7746,TIME_EXIT,12,2026-01,12346.71,130.47,0.0
2026-01-26 16:00:00,2026-01-27 04:00:00,87546.74,88478.63,0.133978,11729.37,86817.86,89004.51,124.85,1.064,0.8003,0.8003,TIME_EXIT,12,2026-01,12471.56,124.85,0.0
2026-01-27 10:00:00,2026-01-27 16:00:00,87654.55,88629.49,0.135167,11847.98,87167.07,88629.49,131.78,1.112,0.8175,0.8175,TAKE_PROFIT,6,2026-01,12603.34,131.78,0.0
2026-01-27 17:00:00,2026-01-27 20:00:00,87426.18,88699.7,0.136952,11973.18,86789.42,88699.7,174.41,1.457,0.8978,0.8978,TAKE_PROFIT,3,2026-01,12777.75,174.41,0.0
2026-01-28 08:00:00,2026-01-28 11:00:00,88799.02,89933.72,0.1367,12138.87,88231.67,89933.72,155.11,1.278,0.8362,0.8362,TAKE_PROFIT,3,2026-01,12932.87,155.11,0.0
2026-01-28 20:00:00,2026-01-29 00:00:00,89083.05,88978.08,0.137919,12286.22,88223.99,90801.19,-14.48,-0.118,0.678,0.678,SHORT_SIGNAL_SPOT_EXIT,4,2026-01,12918.39,0.0,-14.48
2026-01-29 20:00:00,2026-01-30 01:00:00,83916.76,82859.27,0.146246,12272.47,82859.27,86031.74,-154.65,-1.26,0.6699,0.6699,STOP_LOSS,5,2026-01,12763.74,0.0,-154.65
2026-01-30 08:00:00,2026-01-30 20:00:00,82493.35,83716.23,0.146988,12125.55,81381.3,84717.45,179.75,1.482,0.7208,0.7208,TIME_EXIT,12,2026-01,12943.49,179.75,0.0
2026-01-30 20:00:00,2026-01-31 02:00:00,83716.23,83986.77,0.146881,12296.31,82555.9,86036.91,39.74,0.323,0.7796,0.7796,SHORT_SIGNAL_SPOT_EXIT,6,2026-01,12983.22,39.74,0.0
2026-01-31 20:00:00,2026-02-01 08:00:00,77941.32,78507.09,0.131176,10224.06,76456.69,80910.58,74.22,0.726,0.7131,0.7131,TIME_EXIT,12,2026-02,13057.44,74.22,0.0
2026-02-01 21:00:00,2026-02-02 00:00:00,76405.0,77585.1,0.162353,12404.56,75285.65,78643.69,191.59,1.545,0.712,0.712,SHORT_SIGNAL_SPOT_EXIT,3,2026-02,13249.03,191.59,0.0
2026-02-02 04:00:00,2026-02-02 15:00:00,75800.88,79037.04,0.122822,9309.99,74182.8,79037.04,397.47,4.269,0.6636,0.6636,TAKE_PROFIT,11,2026-02,13646.5,397.47,0.0
2026-02-02 20:00:00,2026-02-03 00:00:00,77920.79,79009.59,0.166376,12964.18,76879.88,80002.6,181.15,1.397,0.7839,0.7839,SHORT_SIGNAL_SPOT_EXIT,4,2026-02,13827.65,181.15,0.0
2026-02-03 02:00:00,2026-02-03 08:00:00,77810.25,78673.89,0.168824,13136.27,76777.07,79876.61,145.8,1.11,0.7323,0.7323,SHORT_SIGNAL_SPOT_EXIT,6,2026-02,13973.45,145.8,0.0
2026-02-04 00:00:00,2026-02-04 10:00:00,75804.78,76189.34,0.127607,9673.24,74162.23,79089.89,49.07,0.507,0.6505,0.6505,SHORT_SIGNAL_SPOT_EXIT,10,2026-02,14022.53,49.07,0.0
2026-02-04 17:00:00,2026-02-04 19:00:00,72488.21,73782.91,0.183773,13321.4,71418.06,74628.52,237.93,1.786,0.6647,0.6647,SHORT_SIGNAL_SPOT_EXIT,2,2026-02,14260.46,237.93,0.0
2026-02-06 00:00:00,2026-02-06 12:00:00,63515.59,66455.77,0.081589,5182.14,60893.81,68759.14,239.89,4.629,0.6728,0.6728,TIME_EXIT,12,2026-02,14500.34,239.89,0.0
2026-02-06 12:00:00,2026-02-06 17:00:00,66455.77,70689.41,0.102751,6828.4,64338.95,70689.41,435.01,6.371,0.8314,0.8314,TAKE_PROFIT,5,2026-02,14935.35,435.01,0.0
2026-02-07 07:00:00,2026-02-07 12:00:00,68144.41,68888.95,0.147012,10018.01,66620.52,71192.21,109.46,1.093,0.7006,0.7006,SHORT_SIGNAL_SPOT_EXIT,5,2026-02,15044.81,109.46,0.0
2026-02-09 00:00:00,2026-02-09 04:00:00,70464.62,71006.8,0.202833,14292.57,69452.08,72489.69,109.97,0.769,0.658,0.658,SHORT_SIGNAL_SPOT_EXIT,4,2026-02,15154.78,109.97,0.0
2026-02-09 12:00:00,2026-02-09 20:00:00,69033.95,70759.2,0.207726,14340.16,67939.62,71222.62,358.38,2.499,0.6914,0.6914,SHORT_SIGNAL_SPOT_EXIT,8,2026-02,15513.16,358.38,0.0
2026-02-10 03:00:00,2026-02-10 14:00:00,69443.59,68336.1,0.210111,14590.87,68336.1,71658.59,-232.7,-1.595,0.6966,0.6966,STOP_LOSS,11,2026-02,15280.46,0.0,-232.7
2026-02-10 14:00:00,2026-02-10 17:00:00,68395.99,69766.52,0.212241,14516.44,67535.99,70115.99,290.88,2.004,0.8691,0.8691,SHORT_SIGNAL_SPOT_EXIT,3,2026-02,15571.35,290.88,0.0
2026-02-10 18:00:00,2026-02-11 00:00:00,68902.07,69181.09,0.214693,14792.78,67894.57,70917.08,59.9,0.405,0.7899,0.7899,SHORT_SIGNAL_SPOT_EXIT,6,2026-02,15631.25,59.9,0.0
2026-02-11 03:00:00,2026-02-11 06:00:00,68242.17,67253.61,0.217603,14849.69,67253.61,70219.3,-215.11,-1.449,0.682,0.682,STOP_LOSS,3,2026-02,15416.14,0.0,-215.11
2026-02-11 06:00:00,2026-02-11 12:00:00,66750.91,67116.88,0.219403,14645.33,65896.47,68459.81,80.29,0.548,0.6721,0.6721,SHORT_SIGNAL_SPOT_EXIT,6,2026-02,15496.43,80.29,0.0
2026-02-11 16:00:00,2026-02-11 21:00:00,66028.41,67794.13,0.211177,13943.7,64927.69,68229.84,372.88,2.674,0.8543,0.8543,SHORT_SIGNAL_SPOT_EXIT,5,2026-02,15869.31,372.88,0.0
2026-02-12 00:00:00,2026-02-12 12:00:00,67478.34,67800.86,0.191641,12931.59,66236.23,69962.57,61.81,0.478,0.6753,0.6753,TIME_EXIT,12,2026-02,15931.12,61.81,0.0
2026-02-12 17:00:00,2026-02-13 05:00:00,65447.47,66172.88,0.231247,15134.56,64509.99,67322.43,167.75,1.108,0.7502,0.7502,TIME_EXIT,12,2026-02,16098.87,167.75,0.0
2026-02-13 08:00:00,2026-02-13 15:00:00,66569.48,68008.19,0.229744,15293.92,65850.13,68008.19,330.53,2.161,0.8836,0.8836,TAKE_PROFIT,7,2026-02,16429.4,330.53,0.0
2026-02-15 18:00:00,2026-02-15 21:00:00,68388.75,68852.77,0.228224,15607.93,67713.44,69739.36,105.9,0.679,0.702,0.702,SHORT_SIGNAL_SPOT_EXIT,3,2026-02,16535.3,105.9,0.0
2026-02-17 04:00:00,2026-02-17 10:00:00,68403.92,67735.69,0.229644,15708.54,67735.69,69740.39,-153.46,-0.977,0.6599,0.6599,STOP_LOSS,6,2026-02,16381.85,0.0,-153.46
2026-02-17 10:00:00,2026-02-17 14:00:00,67775.84,67150.29,0.229621,15562.75,67150.29,69026.94,-143.64,-0.923,0.7486,0.7486,STOP_LOSS,4,2026-02,16238.21,0.0,-143.64
2026-02-17 14:00:00,2026-02-17 18:00:00,66916.46,68172.95,0.230531,15426.3,66175.52,68398.35,289.66,1.878,0.8578,0.8578,SHORT_SIGNAL_SPOT_EXIT,4,2026-02,16527.87,289.66,0.0
2026-02-18 00:00:00,2026-02-18 08:00:00,67291.0,68086.59,0.233337,15701.47,66450.75,68971.5,185.64,1.182,0.7185,0.7185,SHORT_SIGNAL_SPOT_EXIT,8,2026-02,16713.51,185.64,0.0
2026-02-19 00:00:00,2026-02-19 08:00:00,66419.13,66918.14,0.239055,15877.83,65663.87,67929.65,119.29,0.751,0.7361,0.7361,SHORT_SIGNAL_SPOT_EXIT,8,2026-02,16832.8,119.29,0.0
2026-02-19 12:00:00,2026-02-19 13:00:00,66483.3,66043.89,0.240529,15991.16,66043.89,67362.11,-105.69,-0.661,0.6668,0.6668,STOP_LOSS,1,2026-02,16727.11,0.0,-105.69
2026-02-19 13:00:00,2026-02-19 17:00:00,65880.56,66855.29,0.241205,15890.75,65393.2,66855.29,235.11,1.48,0.838,0.838,TAKE_PROFIT,4,2026-02,16962.22,235.11,0.0
2026-02-19 17:00:00,2026-02-19 20:00:00,66290.69,67093.53,0.243082,16114.1,65606.97,67658.12,195.16,1.211,0.9,0.9,SHORT_SIGNAL_SPOT_EXIT,3,2026-02,17157.37,195.16,0.0
2026-02-20 04:00:00,2026-02-20 08:00:00,67233.38,67842.3,0.242432,16299.5,66653.28,68393.56,147.62,0.906,0.8209,0.8209,SHORT_SIGNAL_SPOT_EXIT,4,2026-02,17305.0,147.62,0.0
2026-02-20 13:00:00,2026-02-20 15:00:00,66736.46,67819.96,0.246338,16439.75,66194.71,67819.96,266.91,1.624,0.8463,0.8463,TAKE_PROFIT,2,2026-02,17571.9,266.91,0.0
2026-02-20 20:00:00,2026-02-21 00:00:00,67704.04,67817.83,0.246563,16693.31,66930.33,69251.45,28.06,0.168,0.6873,0.6873,SHORT_SIGNAL_SPOT_EXIT,4,2026-02,17599.96,28.06,0.0
2026-02-21 05:00:00,2026-02-21 17:00:00,67828.49,68400.3,0.246504,16719.96,67335.99,68813.5,140.95,0.843,0.7566,0.7566,TIME_EXIT,12,2026-02,17740.91,140.95,0.0
2026-02-22 02:00:00,2026-02-22 12:00:00,67885.89,67939.35,0.248268,16853.87,67502.67,68652.34,13.27,0.079,0.7625,0.7625,SHORT_SIGNAL_SPOT_EXIT,10,2026-02,17754.18,13.27,0.0
2026-02-22 14:00:00,2026-02-23 00:00:00,67432.83,67139.77,0.250123,16866.48,67139.77,68018.94,-73.3,-0.435,0.7646,0.7646,STOP_LOSS,10,2026-02,17680.89,0.0,-73.3
2026-02-23 20:00:00,2026-02-24 00:00:00,64430.46,64912.81,0.260697,16796.84,63669.3,65952.78,125.75,0.749,0.8588,0.8588,SHORT_SIGNAL_SPOT_EXIT,4,2026-02,17806.63,125.75,0.0
2026-02-24 12:00:00,2026-02-24 17:00:00,62957.02,64455.21,0.268696,16916.3,62207.93,64455.21,402.56,2.38,0.9135,0.9135,TAKE_PROFIT,5,2026-02,18209.19,402.56,0.0
2026-02-24 21:00:00,2026-02-25 01:00:00,64064.83,65408.08,0.270019,17298.73,63393.21,65408.08,362.7,2.097,0.6959,0.6959,TAKE_PROFIT,4,2026-02,18571.9,362.7,0.0
2026-02-26 16:00:00,2026-02-27 04:00:00,66596.49,68142.66,0.264928,17643.3,65823.41,68142.66,409.62,2.322,0.8881,0.8881,TAKE_PROFIT,12,2026-02,18981.52,409.62,0.0
2026-02-27 14:00:00,2026-02-27 22:00:00,65862.6,65142.23,0.273789,18032.44,65142.23,67303.34,-197.23,-1.094,0.6778,0.6778,STOP_LOSS,8,2026-02,18784.29,0.0,-197.23
2026-02-28 00:00:00,2026-02-28 04:00:00,65946.01,65664.78,0.270601,17845.08,65255.3,67327.42,-76.1,-0.426,0.6942,0.6942,SHORT_SIGNAL_SPOT_EXIT,4,2026-02,18708.19,0.0,-76.1
2026-02-28 06:00:00,2026-02-28 13:00:00,63106.07,64544.98,0.281633,17772.78,62386.62,64544.98,405.24,2.28,0.7057,0.7057,TAKE_PROFIT,7,2026-02,19113.43,405.24,0.0
2026-02-28 13:00:00,2026-02-28 20:00:00,64996.73,66765.48,0.279364,18157.76,64112.35,66765.48,494.13,2.721,0.7643,0.7643,TAKE_PROFIT,7,2026-02,19607.56,494.13,0.0
2026-03-02 00:00:00,2026-03-02 04:00:00,66532.38,66772.07,0.279972,18627.18,65543.61,68509.94,67.11,0.36,0.703,0.703,SHORT_SIGNAL_SPOT_EXIT,4,2026-03,19674.67,67.11,0.0
2026-03-02 07:00:00,2026-03-02 15:00:00,65960.02,67967.2,0.283368,18690.93,64956.44,67967.2,568.77,3.043,0.6669,0.6669,TAKE_PROFIT,8,2026-03,20243.43,568.77,0.0
2026-03-03 05:00:00,2026-03-03 08:00:00,67875.95,67081.62,0.28333,19231.26,67081.62,69464.63,-225.06,-1.17,0.6769,0.6769,STOP_LOSS,3,2026-03,20018.37,0.0,-225.06
2026-03-03 13:00:00,2026-03-03 16:00:00,66931.0,68553.3,0.284135,19017.46,66119.85,68553.3,460.95,2.424,0.6937,0.6937,TAKE_PROFIT,3,2026-03,20479.33,460.95,0.0
2026-03-04 03:00:00,2026-03-04 08:00:00,67669.06,69759.35,0.287507,19455.36,66623.92,69759.35,600.97,3.089,0.7286,0.7286,TAKE_PROFIT,5,2026-03,21080.3,600.97,0.0
2026-03-04 11:00:00,2026-03-04 16:00:00,71131.12,73327.89,0.28154,20026.29,70032.73,73327.89,618.48,3.088,0.705,0.705,TAKE_PROFIT,5,2026-03,21698.78,618.48,0.0
2026-03-05 17:00:00,2026-03-06 05:00:00,70707.57,70448.74,0.291537,20613.84,69618.0,72886.71,-75.46,-0.366,0.7237,0.7237,TIME_EXIT,12,2026-03,21623.32,0.0,-75.46
2026-03-06 05:00:00,2026-03-06 12:00:00,70448.74,69712.98,0.29159,20542.16,69712.98,71920.28,-214.54,-1.044,0.7348,0.7348,STOP_LOSS,7,2026-03,21408.78,0.0,-214.54
2026-03-06 14:00:00,2026-03-07 02:00:00,68341.33,68298.1,0.297599,20338.34,67532.41,69959.16,-12.86,-0.063,0.7524,0.7524,TIME_EXIT,12,2026-03,21395.92,0.0,-12.86
2026-03-07 08:00:00,2026-03-07 19:00:00,67763.16,67318.93,0.299958,20326.12,67318.93,68651.63,-133.25,-0.656,0.7958,0.7958,STOP_LOSS,11,2026-03,21262.66,0.0,-133.25
2026-03-07 22:00:00,2026-03-08 04:00:00,67240.66,66831.91,0.300406,20199.53,66831.91,68058.17,-122.79,-0.608,0.6789,0.6789,STOP_LOSS,6,2026-03,21139.87,0.0,-122.79
2026-03-08 04:00:00,2026-03-08 08:00:00,66647.52,67513.69,0.30133,20082.88,66214.43,67513.69,261.01,1.3,0.6725,0.6725,TAKE_PROFIT,4,2026-03,21400.88,261.01,0.0
2026-03-08 12:00:00,2026-03-08 20:00:00,67305.92,67210.84,0.302066,20330.83,66750.89,68415.98,-28.72,-0.141,0.6782,0.6782,SHORT_SIGNAL_SPOT_EXIT,8,2026-03,21372.16,0.0,-28.72
2026-03-08 23:00:00,2026-03-09 03:00:00,65990.98,67482.0,0.307672,20303.55,65245.47,67482.0,458.75,2.259,0.7317,0.7317,TAKE_PROFIT,4,2026-03,21830.9,458.75,0.0
2026-03-09 04:00:00,2026-03-09 05:00:00,67184.81,67887.15,0.308691,20739.36,66328.58,68897.27,216.8,1.045,0.7009,0.7009,SHORT_SIGNAL_SPOT_EXIT,1,2026-03,22047.71,216.8,0.0
2026-03-09 06:00:00,2026-03-09 13:00:00,67286.09,69193.83,0.311288,20945.32,66332.22,69193.83,593.86,2.835,0.7694,0.7694,TAKE_PROFIT,7,2026-03,22641.56,593.86,0.0
2026-03-09 16:00:00,2026-03-09 20:00:00,68972.67,69026.19,0.311855,21509.48,68020.94,70876.14,16.69,0.078,0.7217,0.7217,SHORT_SIGNAL_SPOT_EXIT,4,2026-03,22658.25,16.69,0.0
2026-03-09 23:00:00,2026-03-10 02:00:00,68401.46,70037.12,0.314691,21525.34,67583.63,70037.12,514.73,2.391,0.6641,0.6641,TAKE_PROFIT,3,2026-03,23172.98,514.73,0.0
2026-03-10 03:00:00,2026-03-10 09:00:00,69454.29,71034.45,0.316961,22014.33,68511.45,71339.97,500.85,2.275,0.6583,0.6583,SHORT_SIGNAL_SPOT_EXIT,6,2026-03,23673.83,500.85,0.0
2026-03-10 12:00:00,2026-03-10 14:00:00,70508.41,69621.95,0.318971,22490.14,69621.95,72281.31,-282.75,-1.257,0.7157,0.7157,STOP_LOSS,2,2026-03,23391.08,0.0,-282.75
2026-03-10 18:00:00,2026-03-11 00:00:00,69969.8,70093.77,0.317587,22221.52,68894.26,72120.9,39.37,0.177,0.68,0.68,SHORT_SIGNAL_SPOT_EXIT,6,2026-03,23430.45,39.37,0.0
2026-03-11 05:00:00,2026-03-11 17:00:00,69552.3,71139.63,0.320031,22258.93,68758.64,71139.63,507.99,2.282,0.76,0.76,TAKE_PROFIT,12,2026-03,23938.44,507.99,0.0
2026-03-12 02:00:00,2026-03-12 14:00:00,69334.33,69529.35,0.327998,22741.52,68466.91,71069.17,63.97,0.281,0.8773,0.8773,TIME_EXIT,12,2026-03,24002.41,63.97,0.0
2026-03-12 14:00:00,2026-03-13 00:00:00,69529.35,70950.97,0.327952,22802.29,68818.54,70950.97,466.22,2.045,0.852,0.852,TAKE_PROFIT,10,2026-03,24468.63,466.22,0.0
2026-03-13 02:00:00,2026-03-13 10:00:00,71166.27,72489.69,0.326632,23245.2,70203.81,73091.17,432.27,1.86,0.787,0.787,SHORT_SIGNAL_SPOT_EXIT,8,2026-03,24900.9,432.27,0.0
2026-03-13 15:00:00,2026-03-13 16:00:00,71798.34,71934.09,0.329476,23655.86,70922.77,73549.47,44.73,0.189,0.7929,0.7929,SHORT_SIGNAL_SPOT_EXIT,1,2026-03,24945.63,44.73,0.0
2026-03-13 17:00:00,2026-03-13 20:00:00,71003.57,71357.4,0.333763,23698.35,70004.15,73002.41,118.09,0.498,0.6942,0.6942,SHORT_SIGNAL_SPOT_EXIT,3,2026-03,25063.72,118.09,0.0
2026-03-14 00:00:00,2026-03-14 04:00:00,70684.99,71032.55,0.336854,23810.54,69737.05,72580.89,117.08,0.492,0.8308,0.8308,SHORT_SIGNAL_SPOT_EXIT,4,2026-03,25180.8,117.08,0.0
2026-03-14 06:00:00,2026-03-14 18:00:00,70656.88,70702.71,0.338562,23921.76,70055.61,71859.4,15.52,0.065,0.7655,0.7655,TIME_EXIT,12,2026-03,25196.32,15.52,0.0
2026-03-14 18:00:00,2026-03-15 02:00:00,70702.71,71367.17,0.338551,23936.5,70370.48,71367.17,224.95,0.94,0.7172,0.7172,TAKE_PROFIT,8,2026-03,25421.27,224.95,0.0
2026-03-15 02:00:00,2026-03-15 14:00:00,71461.34,71611.02,0.337948,24150.21,71117.1,72149.83,50.58,0.209,0.716,0.716,TIME_EXIT,12,2026-03,25471.85,50.58,0.0
2026-03-15 14:00:00,2026-03-15 22:00:00,71611.02,72396.84,0.337913,24198.26,71218.1,72396.84,265.54,1.097,0.6536,0.6536,TAKE_PROFIT,8,2026-03,25737.39,265.54,0.0
2026-03-15 23:00:00,2026-03-16 04:00:00,72779.0,74026.78,0.335956,24450.52,72155.11,74026.78,419.2,1.714,0.6922,0.6922,TAKE_PROFIT,5,2026-03,26156.59,419.2,0.0
2026-03-16 07:00:00,2026-03-16 13:00:00,73494.09,74043.65,0.338106,24848.76,72552.66,75376.96,185.81,0.748,0.7408,0.7408,SHORT_SIGNAL_SPOT_EXIT,6,2026-03,26342.4,185.81,0.0
2026-03-16 14:00:00,2026-03-17 00:00:00,73457.05,75311.53,0.340679,25025.28,72529.8,75311.53,631.78,2.525,0.7077,0.7077,TAKE_PROFIT,10,2026-03,26974.18,631.78,0.0
2026-03-17 03:00:00,2026-03-17 13:00:00,74423.71,73490.31,0.344319,25625.48,73490.31,76290.52,-321.39,-1.254,0.7442,0.7442,STOP_LOSS,10,2026-03,26652.8,0.0,-321.39
2026-03-17 13:00:00,2026-03-17 20:00:00,73668.18,74568.01,0.343705,25320.16,72864.4,75275.73,309.28,1.221,0.7961,0.7961,SHORT_SIGNAL_SPOT_EXIT,7,2026-03,26962.07,309.28,0.0
2026-03-17 23:00:00,2026-03-18 04:00:00,73940.07,74185.95,0.346415,25613.97,73173.53,75473.15,85.17,0.333,0.7012,0.7012,SHORT_SIGNAL_SPOT_EXIT,5,2026-03,27047.25,85.17,0.0
2026-03-19 08:00:00,2026-03-19 12:00:00,69981.78,69387.16,0.367165,25694.88,69387.16,71171.03,-218.33,-0.85,0.7289,0.7289,STOP_LOSS,4,2026-03,26828.92,0.0,-218.33
2026-03-19 12:00:00,2026-03-19 19:00:00,69308.41,70554.06,0.36774,25487.48,68685.59,70554.06,458.07,1.797,0.7552,0.7552,TAKE_PROFIT,7,2026-03,27286.99,458.07,0.0
2026-03-20 00:00:00,2026-03-20 12:00:00,70232.03,70321.73,0.3691,25922.65,69383.09,71929.92,33.11,0.128,0.8279,0.8279,TIME_EXIT,12,2026-03,27320.1,33.11,0.0
2026-03-20 16:00:00,2026-03-20 22:00:00,69862.08,70791.71,0.371505,25954.1,69170.45,71245.34,345.36,1.331,0.7653,0.7653,SHORT_SIGNAL_SPOT_EXIT,6,2026-03,27665.47,345.36,0.0
2026-03-23 00:00:00,2026-03-23 11:00:00,67718.25,69023.82,0.388111,26282.19,67065.46,69023.82,506.71,1.928,0.8548,0.8548,TAKE_PROFIT,11,2026-03,28172.17,506.71,0.0
2026-03-23 11:00:00,2026-03-23 13:00:00,70063.98,71410.31,0.376913,26408.05,68942.82,72306.32,507.45,1.922,0.7207,0.7207,SHORT_SIGNAL_SPOT_EXIT,2,2026-03,28679.62,507.45,0.0
2026-03-23 15:00:00,2026-03-24 03:00:00,70131.59,70523.75,0.33511,23501.82,68847.85,72699.07,131.42,0.559,0.6816,0.6816,TIME_EXIT,12,2026-03,28811.04,131.42,0.0
2026-03-24 04:00:00,2026-03-24 12:00:00,70376.32,70936.03,0.388916,27370.49,69666.92,71795.11,217.68,0.795,0.8132,0.8132,SHORT_SIGNAL_SPOT_EXIT,8,2026-03,29028.72,217.68,0.0
2026-03-24 13:00:00,2026-03-24 16:00:00,70017.38,69400.37,0.393863,27577.28,69400.37,71251.41,-243.02,-0.881,0.7134,0.7134,STOP_LOSS,3,2026-03,28785.7,0.0,-243.02
2026-03-24 16:00:00,2026-03-25 00:00:00,69452.98,70841.7,0.39374,27346.42,68758.63,70841.7,546.79,2.0,0.737,0.737,TAKE_PROFIT,8,2026-03,29332.49,546.79,0.0
2026-03-25 02:00:00,2026-03-25 12:00:00,70483.57,71682.57,0.395353,27865.87,69678.9,72092.92,474.03,1.701,0.6563,0.6563,SHORT_SIGNAL_SPOT_EXIT,10,2026-03,29806.52,474.03,0.0
2026-03-25 15:00:00,2026-03-25 16:00:00,70834.32,71291.73,0.399752,28316.2,70243.85,72015.27,182.85,0.646,0.6971,0.6971,SHORT_SIGNAL_SPOT_EXIT,1,2026-03,29989.37,182.85,0.0
2026-03-25 20:00:00,2026-03-26 00:00:00,70991.02,71243.41,0.401317,28489.91,70284.63,72403.8,101.29,0.356,0.722,0.722,SHORT_SIGNAL_SPOT_EXIT,4,2026-03,30090.66,101.29,0.0
2026-03-27 17:00:00,2026-03-28 05:00:00,65604.5,66309.6,0.435734,28586.13,64794.13,67225.25,307.24,1.075,0.6634,0.6634,TIME_EXIT,12,2026-03,30397.9,307.24,0.0
2026-03-30 00:00:00,2026-03-30 04:00:00,66259.03,67543.88,0.435835,28878.0,65616.61,67543.88,559.98,1.939,0.8478,0.8478,TAKE_PROFIT,4,2026-03,30957.88,559.98,0.0
2026-03-30 13:00:00,2026-03-30 16:00:00,67478.32,67274.59,0.435843,29409.99,66843.55,68747.86,-88.79,-0.302,0.7046,0.7046,SHORT_SIGNAL_SPOT_EXIT,3,2026-03,30869.09,0.0,-88.79
2026-03-31 00:00:00,2026-03-31 09:00:00,67084.8,66421.33,0.437143,29325.63,66421.33,68411.74,-290.03,-0.989,0.8689,0.8689,STOP_LOSS,9,2026-03,30579.06,0.0,-290.03
2026-03-31 09:00:00,2026-03-31 14:00:00,66037.69,67475.33,0.439902,29050.1,65318.87,67475.33,632.42,2.177,0.765,0.765,TAKE_PROFIT,5,2026-03,31211.48,632.42,0.0
2026-03-31 14:00:00,2026-03-31 17:00:00,66552.48,68262.35,0.445527,29650.9,65697.55,68262.35,761.79,2.569,0.7692,0.7692,TAKE_PROFIT,3,2026-03,31973.27,761.79,0.0
2026-03-31 17:00:00,2026-03-31 23:00:00,67426.05,68211.08,0.450488,30374.6,66462.28,69353.61,353.64,1.164,0.817,0.817,FORCED_Q1_END_CLOSE,6,2026-03,32326.91,353.64,0.0
